{
  "theta": 0.45616713610601295,
  "phi": 2.65848102293001,
  "Px": 1.5575928659250946,
  "Py": -1.658785343170166,
  "Pz": -4.409249782562256
}
